Autocorrelation,ClusterProminence,ClusterShade,ClusterTendency,Contrast,Correlation,DifferenceAverage,DifferenceEntropy,DifferenceVariance,Id,Idm,Idmn,Idn,Imc1,Imc2,InverseVariance,JointAverage,JointEnergy,JointEntropy,MCC,MaximumProbability,SumAverage,SumEntropy,SumSquares,GrayLevelNonUniformity,GrayLevelNonUniformityNormalized,GrayLevelVariance,HighGrayLevelRunEmphasis,LongRunEmphasis,LongRunHighGrayLevelEmphasis,LongRunLowGrayLevelEmphasis,LowGrayLevelRunEmphasis,RunEntropy,RunLengthNonUniformity,RunLengthNonUniformityNormalized,RunPercentage,RunVariance,ShortRunEmphasis,ShortRunHighGrayLevelEmphasis,ShortRunLowGrayLevelEmphasis,GrayLevelNonUniformity,GrayLevelNonUniformityNormalized,GrayLevelVariance,HighGrayLevelZoneEmphasis,LargeAreaEmphasis,LargeAreaHighGrayLevelEmphasis,LargeAreaLowGrayLevelEmphasis,LowGrayLevelZoneEmphasis,SizeZoneNonUniformity,SizeZoneNonUniformityNormalized,SmallAreaEmphasis,SmallAreaHighGrayLevelEmphasis,SmallAreaLowGrayLevelEmphasis,ZoneEntropy,ZonePercentage,ZoneVariance,DependenceEntropy,DependenceNonUniformity,DependenceNonUniformityNormalized,DependenceVariance,GrayLevelNonUniformity,GrayLevelVariance,HighGrayLevelEmphasis,LargeDependenceEmphasis,LargeDependenceHighGrayLevelEmphasis,LargeDependenceLowGrayLevelEmphasis,LowGrayLevelEmphasis,SmallDependenceEmphasis,SmallDependenceHighGrayLevelEmphasis,SmallDependenceLowGrayLevelEmphasis,Busyness,Coarseness,Complexity,Contrast,Strength,name
42.89001299096347,1209.3504942597028,22.893734809392512,20.66935947732226,1.2563353954832912,0.8853456794515211,0.2145165540331081,0.5651452332815046,1.2071148395106936,0.9411097949050381,0.9399969120272027,0.9945152916381274,0.9871714548315447,-0.8119641574806972,0.994446180820628,0.09504993669935544,6.167393916819083,0.19982060061883677,3.3124852489476213,0.9951333112559094,0.40651459037293075,12.334787833638167,3.1613451570474096,5.481423718201389,196.66537851190154,0.10209307643430125,10.856055751688888,44.976026519311496,372.1785455265715,15526.124206478205,11.789470744443259,0.10754169066537766,6.683318729571525,225.43119805509167,0.11072061728138914,0.118011474609375,277.52960760026974,0.29704001957111575,16.140131360729647,0.054286490899666535,33.10084033613445,0.2781583221523904,25.292987783348636,65.22689075630252,454782.7394957983,17499871.033613447,14179.265786062599,0.40632608355117816,28.058823529411764,0.23578843302026692,0.4975827863338682,32.57764022238797,0.26527189503039517,4.221928815642846,0.00726318359375,435826.7719793799,4.160170674778258,8204.375854492188,0.5007553622126579,2.7229484915733337,3511.8736572265625,5.5170879028737545,43.61138916015625,67.62060546875,2941.8124389648438,2.9910106844533964,0.05293970267241063,0.023169957105925416,1.138504729680614,0.0034236716590191263,2.4662399808916735,0.004845136002374661,9.830870841293699,0.016735667661547958,0.1283441313154024,Trigger-18284744-36.jpg
39.76415649315673,1123.4589017973663,48.65157931377962,13.026566195930762,0.5347164366203733,0.9210836819940577,0.08245459459668919,0.26345806134568067,0.5269120003561178,0.9778438322264902,0.9775219105610109,0.9978464025874404,0.9951790260855718,-0.8518658035689346,0.9410103113023511,0.03659901202033809,6.0531967118621735,0.623412054881614,1.4640614716965996,0.9949894813926123,0.7848710736483974,12.106393423724347,1.4205076789784346,3.3903206581377834,118.58643574365573,0.13983800767429352,10.594756279404297,39.089610651335036,1644.85753419528,62000.85720375973,48.05555022757914,0.1408446752992557,6.46813368814519,86.03638991373805,0.0898496594394468,0.0519866943359375,1176.8975794316364,0.21158026364273966,8.348629122634662,0.05383885706486255,4.083333333333333,0.1701388888888889,19.831597222222225,53.375,7000118.5,256224526.75,196933.88725321394,0.29388314967860424,1.1666666666666667,0.04861111111111111,0.10435170153207633,8.671313525792849,0.011738189945508478,4.584962500721149,0.00146484375,6534084.722222223,1.9394174699122573,12018.665283203125,0.7335611134767532,1.2500061839818954,10279.926879882812,3.4417572021484375,40.1483154296875,74.9368896484375,3018.61328125,2.8896493303283184,0.04577301361672478,0.015324956644509474,0.6203119816759667,0.00111923002492355,1.0055551000805705,0.013561723046546223,2.1723138628912877,0.009811497334158049,0.22026766597847489,Trigger-18284744-37.jpg
31.53171463764803,359.14185287580324,-34.561901596633795,7.632809226106607,0.1446874612499225,0.9627464231159257,0.04113490258230516,0.20557554259048516,0.14270788635847204,0.9837866932776954,0.9837100531199724,0.999354960128638,0.9971835120796104,-0.8525107474962988,0.9084060416161243,0.03064667298239555,5.44607018510912,0.6806448845376587,1.176222801157291,0.9925953142760993,0.819362396537293,10.89214037021824,1.1435727395835742,1.9443741718391323,122.29002409254882,0.1752415645978934,4.964990675464497,23.532425285351426,2114.4953414900756,73982.58170430048,74.24721156848257,0.1501289101309816,6.259545320600881,69.28816227004994,0.08729866201352318,0.0429229736328125,1426.8385135716549,0.1940319550882364,5.640109977702156,0.036773594436623244,2.5,0.15625,10.55859375,26.0625,11429657.375,407274411.625,345913.9975604052,0.3262630567033976,1.0,0.0625,0.07840806005997057,0.2870874645036329,0.03136670932180856,3.9999999999999947,0.0009765625,10381081.375,1.5946240529023783,12681.796630859375,0.7740354388952255,1.0275953859090805,11210.010986328125,1.988301694393158,31.5892333984375,75.964599609375,2442.4530029296875,4.357256752623671,0.06285595560205212,0.014639899978772252,0.4499982500737066,0.0011728241856953005,0.9079068300788649,0.015536991213382922,1.3533621954417878,0.0027642148985543313,0.40746209968248986,Trigger-18284744-38.jpg
23.518679595952943,88.34340630047338,-13.535502768585307,2.3710246181547356,0.012774568517887035,0.9892702964680099,0.012774568517887035,0.09726057242103153,0.012585001067781263,0.9936127157410565,0.9936127157410565,0.9995086704416197,0.9978709052470188,-0.870167278824457,0.7846330875154552,0.012774568517887035,4.788435414761455,0.8451925008523871,0.6214553607777132,0.9895658991310607,0.918559446493893,9.57687082952291,0.6086807922598276,0.5959497966681556,116.9837550983261,0.294542639467449,1.775934558235205,16.391621716238472,4313.608975748266,106954.42265233316,188.4478763411093,0.15752933682412001,6.036415866189025,21.46949843285082,0.055376056315722205,0.0243072509765625,2247.629378929285,0.11329548298598835,1.4097811004407814,0.01764220009829937,2.0,0.25,1.4375,12.0,28390490.0,708590677.75,1153763.0355902778,0.2124652777777778,1.0,0.125,0.008622430893447348,0.1327443139815417,0.0005763847263800897,2.9999999999999973,0.00048828125,24196186.0,0.9397148002371354,14215.788330078125,0.8676628619432449,0.5834019035100937,13863.969482421875,0.6118287444114685,23.488525390625,78.1209716796875,1855.2266845703125,4.8442430792914495,0.06539060804578993,0.013528435981733188,0.3086185891768229,0.0009930594498524957,1.0505754870562227,0.02595956738754878,0.09380923647577519,0.0007592778287198599,0.28480371249846304,Trigger-18284744-39.jpg
35.49819763702027,988.1941925394917,20.045276070165087,11.114335150105985,0.3544704511284023,0.9380915412363463,0.06786131541013082,0.2610165562591568,0.34917933603246765,0.9780877091051057,0.9778839180965215,0.9985338541483748,0.9957413430507851,-0.8416096528927819,0.9385847768181903,0.03897339464713795,5.727846822881146,0.6288020465651835,1.468419145536489,0.9928518973610436,0.7890397343294686,11.455693645762292,1.425212648745692,2.867201400308597,129.85275124021123,0.14970593487225406,8.221599099633856,31.753232678662698,1611.915295999746,57966.5572229777,51.321156666488555,0.14085569065387993,6.370666448281637,87.56286620563726,0.08908170091500726,0.05279541015625,1152.703926529224,0.18166530434296388,5.445037040342738,0.03997894467731522,2.5555555555555554,0.1419753086419753,15.061728395061728,37.888888888888886,9387938.888888888,337293269.0555556,270683.8598702939,0.29085654525048465,1.0,0.05555555555555555,0.0627979408907694,0.1302622029447328,0.05782079948721561,4.169925001442307,0.0010986328125,8559434.395061726,1.9621941009220234,11866.510498046875,0.7242743223905563,1.2195584774017334,10373.292358398438,2.9296425841748714,35.71966552734375,74.79541015625,2700.4136352539062,3.564918064786492,0.05455437203959876,0.015115558694429558,0.5276643844742894,0.0011789966835313967,1.227709837870778,0.011889452115157222,1.988626465773104,0.006890457387128735,0.2555141308881114,Trigger-18284744-40.jpg
55.27980086819549,948.2460645136975,-10.938915267876721,19.079437198048574,1.7567937362437225,0.8313751281028883,0.29105582820540643,0.6869931439321832,1.6592903719442418,0.9283190805826845,0.9249983584994774,0.9920717595229316,0.9829307965594403,-0.7910891431641783,0.9904159224066431,0.0960380973491585,7.1378661761229765,0.2327760206151824,3.0538383065425823,0.9928604260201166,0.43231330212660424,14.275732352245956,2.8549894533041202,5.209057733573075,233.0175108584085,0.10532060335949565,11.537566380460612,49.19411043247742,290.25104114961283,14229.984939312655,7.34916310657805,0.10407640195666124,5.973990107819979,572.2795742150646,0.24228574880809942,0.13427734375,222.8259706903188,0.49582358694238154,18.983083438620987,0.0747493740510849,44.167883211678834,0.16119665405722203,14.823445575150513,42.40510948905109,219286.92700729927,9327523.456204379,5732.570282302584,0.2530941870038585,57.63503649635037,0.21034684852682614,0.4684053389665229,24.942644351098142,0.1725156766870267,5.25136856451544,0.0167236328125,215711.41078373915,3.7618643130782923,8604.779296875,0.5251940488815308,3.9573822021484375,4080.33203125,5.21763014420867,56.23492431640625,66.775390625,3828.9607543945312,1.7777882158185812,0.0384230131412596,0.031873923349993206,1.5791282234278397,0.004593314753277323,2.761821028207207,0.003769125944662495,11.638587332071637,0.023149209602827445,0.10271541910732486,Trigger-18284744-41.jpg
46.76775141050281,492.9406196679172,7.053964177696579,12.45927169407801,1.0880152307179614,0.8393618602207624,0.19495575709901422,0.5334081433109155,1.0440482738543875,0.9483720310835508,0.9462254634835842,0.9949860504128685,0.9882743870289905,-0.8114563138844041,0.980552372145584,0.07309599098027338,6.627586688767128,0.3725822549426737,2.400900488421742,0.9944745521259238,0.5823838757052514,13.255173377534256,2.2577190194373262,3.386821731198993,180.94259861455328,0.10858864770761995,10.058551568647685,48.80273470115494,614.5099717201382,25491.862805340537,16.540103365480284,0.08160002974003601,5.89255969032426,425.2046535131336,0.23097020632862467,0.101593017578125,480.2564488409985,0.466087832032642,19.715652638322858,0.054625282675224075,28.08653846153846,0.13503143491124261,14.226238905325443,45.22115384615385,474127.125,18193772.894230768,12899.825926467349,0.18491944196726393,41.28846153846154,0.19850221893491124,0.43864426218781516,23.21919522088247,0.11957968557909801,5.358041823684223,0.0126953125,467922.5332840237,2.959020498639562,10338.498046875,0.6310118436813354,3.1871032118797302,6280.375,3.40387099981308,47.440185546875,70.21826171875,3302.15869140625,1.9507306893929308,0.03393189223855506,0.026666273413571882,1.2688461524577008,0.0026709239719457413,1.563228968585322,0.006128604791548511,7.280870801143043,0.010034605059263412,0.1359171710309618,Trigger-18284744-42.jpg
52.067606775838556,351.9560837694138,10.415965618878591,11.23160008312105,1.1554786312697627,0.8134449847013567,0.20056797926095857,0.5210616011299197,1.1076749662734446,0.9508006592263974,0.9478515788002866,0.9945979810615472,0.9881210204205813,-0.8327152911630469,0.9818308631562449,0.060478343820543054,7.039073398459296,0.34693610350106135,2.344545501220477,0.9945877058008136,0.5496197164269329,14.078146796918595,2.220223876890017,3.0967696785977026,171.18104690620635,0.11015772780496866,10.426594001111265,55.92589190822966,859.5965441908238,39046.166620982825,21.08085412487737,0.07534285700012575,5.717248441190732,433.76597476006674,0.2466916627147091,0.0941009521484375,628.0023841714469,0.4681799043514493,21.426179636615217,0.056770546267021986,31.367713004484305,0.14066239015463813,12.728387862213195,40.34977578475336,415404.21524663677,16796520.430493273,10876.550683477893,0.17516776824045133,31.044843049327355,0.13921454282209575,0.3139894321029831,16.05829566346543,0.10975964242874009,5.399524610646896,0.01361083984375,410006.2491503951,2.796838673573117,10946.653076171875,0.6681306809186935,3.1371381133794785,5859.9256591796875,3.100772485136986,52.767822265625,71.1533203125,3700.9234619140625,1.6210257321612567,0.027877988625565252,0.02610660320386745,1.3107242339526595,0.0025855569791007308,1.5325592542864204,0.00600582817163945,8.319738622953516,0.009623530993600537,0.12922557768805593,Trigger-18284744-43.jpg
35.15765699109523,649.0864112665008,4.612049798027688,21.913127200708544,0.49685942731260474,0.9556703755145318,0.11140707828290655,0.3758937708207072,0.48166742481370217,0.967580975601503,0.965637643776776,0.9974837230946201,0.9929310810912038,-0.8670219858280874,0.9880367603582355,0.042812632383641205,5.459265736890847,0.26980444544380056,2.4566135925209713,0.9962273024000361,0.3812529304746109,10.918531473781696,2.3284386143886224,5.602496657005287,149.72216496025646,0.13924153658414032,7.470995212498059,35.999494511370045,1446.3096189554963,56418.83351257518,78.71492244993641,0.08197411707623192,5.653056498749045,229.7191339289576,0.18272615524792488,0.0675201416015625,829.1298631261529,0.40350471196051896,17.02026758451839,0.037687568363943956,9.338461538461539,0.14366863905325444,13.36236686390533,41.86153846153846,1150455.2923076923,45608075.66153846,64036.48718494581,0.15872821945170426,6.938461538461539,0.10674556213017751,0.31681512429078734,17.662871183063473,0.07919145108815981,5.452836274433764,0.00396728515625,1086920.2731360947,2.905749853614159,12008.497192382812,0.7329405024647713,2.0788314193487167,4617.52880859375,5.600718602538109,35.4505615234375,73.647705078125,2604.0133056640625,4.69296796823032,0.06491785825338793,0.019239292082302396,0.7255282535298282,0.0015850305902189354,1.7383343140845189,0.006586954095977638,5.137833800278113,0.00970330464564375,0.27560727400196966,Trigger-18284744-44.jpg
31.46845816347882,1168.302053758993,89.00472286568376,23.07676012108325,0.664115902450555,0.9440434467406241,0.13302986371597744,0.43737190579436086,0.6448410565691944,0.9591361580016406,0.9583350753451436,0.9969822846301527,0.9916688840781535,-0.8219744901885009,0.9875234846970068,0.06797683429308231,5.085793458696292,0.23369372908745856,2.657719898530866,0.9964323145588942,0.31367001015252033,10.171586917392586,2.560421146653406,5.93521900588345,250.46777211108738,0.18125535910821194,9.7045826663137,38.420924029944445,404.45757330095756,14568.70973641528,22.315685585051984,0.09139241460341063,6.64557582925462,102.95935112449142,0.0697979067470168,0.086578369140625,237.09230577955753,0.20769847384638626,9.691649164749826,0.030714724676939063,16.566265060240966,0.1995935549426622,21.161271592393668,62.55421686746988,667884.6506024096,17467186.626506023,48096.7346225674,0.26544243164884823,24.46987951807229,0.29481782551894326,0.560336413906822,37.84355035737725,0.2005300414703533,4.192053932606916,0.00506591796875,628918.8419219046,3.4749732785152925,9571.810546875,0.5842169523239136,1.995853841304779,4263.85888671875,5.934945046901703,31.819091796875,71.00830078125,2191.350341796875,4.631782022839528,0.06785731658608606,0.019935247537079974,0.7724285089017522,0.002282083603225976,3.4699546446898495,0.0040445665698416395,6.812394845772021,0.013580663206715997,0.22169266023646236,Trigger-18284744-45.jpg
33.65482302839605,918.0657177094803,32.14509377494942,18.49154678402552,1.0292736249535002,0.8944919766096191,0.20043392821160644,0.5809073142477141,0.9834480041299303,0.9458720163941332,0.9421050892509084,0.9951970445356149,0.9876530752464658,-0.8014786943991721,0.9908121609635983,0.06588227587562354,5.411950439135253,0.20390843814523846,3.0257891415899905,0.9923863632454601,0.35382405139810286,10.823900878270505,2.849529276512241,4.880205102244755,224.25532879524738,0.1383509857462544,7.626688146884835,35.17398343113659,512.8308091875716,19696.97982769172,22.856865087364767,0.10598779952150227,6.1839452866488305,289.66884084423447,0.15482421069075816,0.102813720703125,341.83788759191077,0.37874695109840517,13.098131257579972,0.046171525012767285,27.38961038961039,0.177854612919548,8.825096980941137,34.61038961038961,215670.0779220779,7385623.896103896,10202.950313126095,0.12501121050793917,22.454545454545453,0.14580873671782763,0.3814534185433673,12.335674960940162,0.06569903805926694,5.584949565849841,0.0093994140625,204351.32872322484,3.691500879481111,9787.912231445312,0.5974067524075508,2.8846349120140076,3711.3912353515625,4.899049147963524,34.31298828125,69.7559814453125,2372.575927734375,4.213270023389928,0.06599484031777664,0.024292237312314974,0.8397943813394135,0.002251777212024887,4.122278709758466,0.0033735500763758847,8.367185545147413,0.01561751324451507,0.14503074116016568,Trigger-18284744-46.jpg
26.335757433233614,1148.3661169862658,82.57748812936768,15.15995852441822,0.46933439960629925,0.9398414328874074,0.12736157503565007,0.47268375994859435,0.4508897852517376,0.9576800196996126,0.9552286236373332,0.9976084763203833,0.9915265511581308,-0.7985674495684222,0.9801445423342624,0.0596889329672626,4.760571021142042,0.2608564670237255,2.4506567026838857,0.98589240796619,0.34032255564511127,9.521142042284083,2.3290936494567305,3.90732323100613,276.8588480666242,0.19605039042458758,4.969199424777762,30.72993159624464,502.38214618857273,10716.749388459993,36.83836489339467,0.06567116249755314,5.934870798550238,182.6682954895885,0.12240829590244158,0.0864410400390625,318.5405614744395,0.33966601765717763,8.385476079558442,0.02973302276699551,75.99619771863118,0.28895892668681056,4.401914152293657,24.53231939163498,223789.89353612167,4238376.02661597,17406.920490342414,0.10237452102931996,103.94296577946768,0.3952204022032992,0.6406146546161279,15.51149004605884,0.07422599324122478,3.828279478295355,0.01605224609375,219909.02991224395,3.1493464831992863,10460.236694335938,0.6384421810507774,2.5342397540807724,4718.7060546875,3.9490583203732967,26.75982666015625,71.56494140625,1866.0648803710938,4.667546876647157,0.06475780957621612,0.027910146042873528,0.7333993309119031,0.0023174822171644384,5.066657083252035,0.0031866113311271893,5.586578712730148,0.009386164108838102,0.2314738034096583,Trigger-18284744-47.jpg
20.524090438805878,111.34326570566535,-20.25241801067213,5.674999332501546,0.026105079553909102,0.9908355979798033,0.026043079429908855,0.17141096286546337,0.025319416405485913,0.9869887936390456,0.9869846602974456,0.9989964518483828,0.9956609629551105,-0.8737006806911347,0.9233375453000604,0.02598882932140864,4.371710905531186,0.6076683165347017,1.2359979731481892,0.9910858525279943,0.7628392327097154,8.743421811062372,1.2097384560314528,1.425276103013864,143.87057281755273,0.235737949559662,1.5611867172708327,13.617564593433912,2299.941477699754,53250.03576695174,137.22270694570923,0.154818446019115,6.263167824855326,45.428317049276544,0.06682398398384264,0.037384033203125,1403.0992340683106,0.1498843801918153,1.6693296859632263,0.025745567805949512,2.2,0.22,1.8400000000000003,8.6,16373734.4,395131714.2,798316.2555555556,0.38872222222222225,1.0,0.1,0.12502284998381663,0.1252081382564127,0.12500489552563862,3.3219280948873595,0.0006103515625,13689379.84,1.662136256461486,13031.134887695312,0.7953573539853096,0.8697842955589294,10042.528442382812,1.4429779052734375,20.481201171875,76.575927734375,1598.6431884765625,6.6538431464301215,0.09049309624565972,0.014255146700358564,0.27695421579773766,0.0014897041408823632,2.296246138012078,0.013881995539400659,0.18949732153651566,0.00351342749549076,0.1328949971015855,Trigger-18284744-48.jpg
21.032026454677908,120.72123827658714,-21.249741210971383,5.33906836552328,0.023958204166408335,0.9910576167155805,0.023896204042408088,0.15977971616247313,0.023279617142076624,0.988062231332796,0.9880580979911959,0.9990790239786712,0.9960187755196939,-0.8765650440523327,0.9143798508023402,0.023841953933907867,4.438833002666005,0.6425855140329175,1.1610150510207533,0.9912178367271526,0.7899967401497303,8.87766600533201,1.136904124946179,1.3407566424224222,136.7713472417132,0.2385897575025545,1.6253815611881315,14.030555810595729,2539.368307723302,59867.00120631653,143.67552854796656,0.1583148664912577,6.2807311177296175,39.15889881181332,0.06065164314458756,0.0352630615234375,1506.4609335454718,0.13841632650188923,1.7418779232555734,0.019680900831021506,1.75,0.21875,1.5,10.5,21598900.75,527958212.25,991146.9311111111,0.2359027777777778,1.25,0.15625,3.01159905544523e-05,0.0003551231853725153,4.175746227632027e-06,2.9999999999999973,0.00048828125,17404596.75,1.5711543173849343,13250.303100585938,0.8087343201041222,0.8256904929876328,10600.746459960938,1.359538495540619,20.9881591796875,76.827392578125,1641.810791015625,6.6402584838867185,0.09012430826822916,0.014051051237145248,0.28262478502369187,0.0013829094789012215,2.1063723552728124,0.014709679220762285,0.16871716350350352,0.0029775170938864904,0.1506483563976172,Trigger-18284744-49.jpg
31.235286232291216,521.0119282865302,-22.57017356226262,9.579012286589318,0.2524377431567363,0.9485492602515715,0.05382083029791059,0.22852090186089144,0.24906968690068315,0.9814930580263622,0.9813463573507658,0.9989308670753714,0.9965291390649549,-0.8588810784659151,0.9336455666962082,0.03357449168172396,5.376210758280891,0.6150706931419581,1.367588118680975,0.9929574120585061,0.7743570877766756,10.752421516561782,1.3311889372454475,2.4578625074365137,128.5340775335779,0.16889437788135694,6.195132296208312,27.701163985602975,1868.6981436049286,64091.90457103084,74.67198939905282,0.11666647814469136,6.331082178497517,74.24962169261087,0.08438656989578738,0.0467071533203125,1256.8092344366833,0.1815575106439104,5.511048962118595,0.030712390870494953,2.0,0.14285714285714285,11.061224489795919,29.428571428571427,11803566.142857144,416889557.71428573,381984.65945247933,0.2835863505181687,1.0,0.07142857142857142,0.08934573124046138,0.0917262408666889,0.08931467956994942,3.8073549220575997,0.0008544921875,10433997.48979592,1.8112419131306903,12383.037353515625,0.7558006197214127,1.0969525426626205,10150.548583984375,2.506896436214447,31.3896484375,75.5107421875,2392.341064453125,4.432941280956986,0.062410880685181004,0.01480233101858003,0.45516489754097983,0.0011814670304340614,1.093154029228772,0.013625145745358216,1.5616225459104744,0.004556793792175995,0.3218267501124269,Trigger-18284744-50.jpg
31.748816790602334,589.5340034140577,-13.957824699949303,10.235052003207763,0.21197793958087915,0.9593858185460673,0.05030825686651374,0.22378926290457518,0.20897914974231566,0.9820902022249121,0.981947654085006,0.9990507670711362,0.9966908188581314,-0.8653656356984403,0.9437065193909753,0.03264435895273337,5.407684116149481,0.5886653664741147,1.454257368329691,0.9932188879353441,0.7572042448772398,10.815368232298962,1.413520661194369,2.61175748569716,130.9860965854955,0.17518777740169575,5.405313506757084,26.433357634446246,1830.420605952334,63192.5246627286,72.00563094558615,0.10663392005278524,6.32463754050009,58.4512231201852,0.06855877742297829,0.045654296875,1208.5975654914666,0.1656602637001535,5.687723977490437,0.029705774878025882,5.4,0.216,22.2304,62.68,6326068.4,223773371.6,203571.30232203857,0.2810305785123967,3.0,0.12,0.3081317867910552,30.894394959152372,0.09572200086602367,3.9394705707972464,0.00152587890625,5896571.6704,1.9192396082509782,12376.42822265625,0.755397230386734,1.0735130310058594,9723.1435546875,2.6577980369329453,31.8760986328125,75.6326904296875,2444.5423583984375,4.312762548553495,0.05997637297715255,0.015113921334864241,0.5074715196855065,0.0011997211473345742,1.1926004710886975,0.01260583978376953,1.551812153833057,0.004499552798426976,0.34850700927058514,Trigger-18284744-51.jpg
32.49335290858082,547.4411066962381,-13.62343304990605,9.000148886071676,0.2542259381393763,0.9449760850773825,0.05364802917105834,0.22595197598105016,0.25083722837553746,0.9817679689099907,0.9816156329054846,0.9989158389992078,0.9965533652164482,-0.8578718918443626,0.9319604070381577,0.032906163941078294,5.505167686116621,0.6312238796008297,1.354694166411131,0.9925911575633988,0.7877743021111042,11.010335372233243,1.3178882602762956,2.313593706052763,126.1583101957601,0.16757500660490918,6.4207822572562065,28.87501091239883,1907.1952369545293,66649.55722147619,68.79314004664647,0.11192346363897643,6.371654070482738,70.10581441891837,0.08055840937479386,0.046112060546875,1283.2199920435742,0.18276382647906975,6.73018896486461,0.03394372322464634,3.235294117647059,0.1903114186851211,10.678200692041523,24.41176470588235,9973120.11764706,355134594.7647059,304252.9464876033,0.4100122886620213,1.1176470588235294,0.0657439446366782,0.1413783167749368,0.14500136978708608,0.14134498703964327,3.9698157824268048,0.00103759765625,9044277.70934256,1.812644687283459,12355.24853515625,0.7541045248508453,1.0925530791282654,10405.756103515625,2.3637619875371456,32.64398193359375,75.5885009765625,2491.7688598632812,3.9343753298364508,0.05569756065627869,0.01491034761728223,0.4806355575999796,0.0011701800149753587,1.086765345918807,0.013473139911185742,1.5166468835082898,0.004311431542689093,0.31768187929489095,Trigger-18284744-52.jpg
32.27667954945285,779.5135248627561,-14.792568585055376,10.81596959912589,0.5773374046748093,0.8985670548686282,0.08707263508277016,0.27029350216035114,0.5690135024923196,0.9770496978257215,0.9767057466256124,0.9976889192480812,0.9949481403421324,-0.8426415934395897,0.9443557751404112,0.03762010077125784,5.451331597975696,0.6034823219494471,1.5316416327529698,0.9930765135151761,0.7711304172608344,10.902663195951392,1.488025325461958,2.8483267509501746,130.26522508620096,0.1492822248340759,7.919551568895037,27.57931434234023,1538.2440673782119,54327.968411818016,54.72429854528757,0.1950910832155176,6.430518545737085,78.12089858956678,0.0793037082250355,0.0532989501953125,1096.445251940997,0.17029755883976755,5.683068231202904,0.04551288701094028,3.857142857142857,0.1836734693877551,15.346938775510203,33.714285714285715,7720221.333333333,275509523.3333333,234112.76605076742,0.39209989505444043,1.1904761904761905,0.05668934240362812,0.10930151143839328,0.1555546283700821,0.10029452663657565,4.201841232302564,0.00128173828125,7111524.15419501,2.0486986931098166,11704.697021484375,0.7143980115652084,1.2176042646169662,9967.075317382812,2.902497708797455,32.5885009765625,74.724365234375,2470.093017578125,5.049946615816367,0.07685677632593693,0.015222021791549916,0.48492660622417727,0.0016859265588919231,1.3875211795540476,0.011029347849922579,2.7915395615512626,0.008876700887282953,0.1956396449572345,Trigger-18284744-53.jpg
37.95502205848162,1174.767014244812,44.72518830401344,12.338420489387477,0.6536481744838489,0.8992675944551178,0.09784225037200074,0.293190973308898,0.642838988627005,0.9748023155255591,0.9743892502479035,0.9973535128508243,0.9943549416265318,-0.8325503938571444,0.9448367666705036,0.04064225378261841,5.918937744125488,0.6111841345173478,1.5705958849770318,0.9930109455252607,0.7784172482407464,11.837875488250976,1.5187893532175234,3.248017165967832,127.82157979264198,0.13668162814751408,11.115174687007386,39.611947117272045,1449.9856387753837,53002.42203683776,43.351088899963024,0.14615904253657977,6.383235525281288,97.39349314985773,0.09170289317880663,0.0570831298828125,1061.9154598610123,0.1861756492693056,8.317143832401026,0.04967255003378755,6.25,0.1953125,22.6318359375,60.53125,5136737.5625,185305624.40625,145538.22764599114,0.32189243285123964,2.75,0.0859375,0.18542616008121246,13.12832681923543,0.09487418052240473,4.476409765557383,0.001953125,4874593.5625,2.1052491100895074,11430.606689453125,0.6976688653230667,1.3249043077230453,10090.382568359375,3.319426264613867,38.40899658203125,74.3134765625,2853.1458129882812,3.1702772821823975,0.050619846900960955,0.015743089562010242,0.6284262544185516,0.0013424966549474048,1.3783344448294539,0.010348937443187116,3.027568113282785,0.011429087547551222,0.17978976076668618,Trigger-18284744-54.jpg
35.499652218054436,1060.767204280708,21.31575499821059,11.68106613668315,0.6426622853245706,0.8956049605680582,0.09160130820261642,0.2663717058750872,0.6331880532481524,0.9775773271006769,0.977176231884644,0.997425517397398,0.9948132859057002,-0.8462309800237808,0.9444428421043248,0.03530985960140794,5.721892268003286,0.6165495053605915,1.5222859636334443,0.9933460741248891,0.7812122186744374,11.443784536006572,1.4749173728897111,3.08093210550193,120.81584028591195,0.14283759610965055,9.748923635278492,34.554558665118236,1632.5207840169348,58662.36429343789,52.77620280847985,0.16661717217082272,6.448814914931597,73.17026843358298,0.0763900484822189,0.05169677734375,1151.8215677631733,0.17945970502728717,6.513584759161929,0.05662642358240855,7.6875,0.240234375,22.6875,52.9375,5175391.4375,186015416.03125,149168.5399979913,0.4073134039256198,4.25,0.1328125,0.3318096924579545,24.930353587687357,0.1609827728333333,4.074698735173842,0.001953125,4913247.4375,2.0307594332946133,11854.485107421875,0.7235403507947922,1.2140882015228271,10168.059204101562,3.145506288856268,35.89080810546875,74.9407958984375,2703.1755981445312,3.8601043972999705,0.05941014677806115,0.015645650621925022,0.5813236765189926,0.0016109876915080773,1.2897813238770688,0.01141846537783689,2.8404365955143103,0.010202709433022912,0.18758006762432797,Trigger-18284744-55.jpg
37.45884160518321,1022.0599819603638,38.080860107897365,10.960525917315529,0.722685796934094,0.87615016239822,0.09997059837869676,0.27729154420145763,0.7114145778961621,0.9764108752767695,0.9759575385045842,0.9971169376875093,0.9944104664645529,-0.8381480779464505,0.9386764709021698,0.03641469013042098,5.9075690768569045,0.635431363852352,1.48109436151677,0.9931903124740062,0.7942431431737863,11.815138153713809,1.43233677335401,2.9208029285624058,120.15874035478504,0.1376841111858791,11.356263983165073,40.875746780347825,1600.2372886777987,58187.44743593503,47.759565339689466,0.1495348390505463,6.5422349838204035,81.09370992460178,0.08209085576048927,0.0534515380859375,1156.108261456794,0.19206109596436555,8.961335211876309,0.051503260989225155,6.806451612903226,0.21956295525494277,22.36628511966702,53.87096774193548,5511800.451612903,198695244.58064517,155248.8156210196,0.38823706270920344,2.4193548387096775,0.07804370447450572,0.22664807904246886,18.824728310954566,0.09748879343942221,4.413716068381595,0.00189208984375,5232471.152965662,1.9904357018305951,11765.26611328125,0.7180948555469513,1.2548918575048447,10474.38623046875,2.988878011703491,37.993896484375,74.74072265625,2830.252197265625,3.1183977747445155,0.04959024644751851,0.01558479103401705,0.6254431067861036,0.001329589913196544,1.210903953105153,0.011612471882689369,3.036613240458712,0.01047568671758979,0.17327071833942315,Trigger-18284744-56.jpg
37.35162631653388,827.4557644856498,28.991612623691346,9.926586572228153,0.5301860681846364,0.8985184117152911,0.0803463481926964,0.25247445341979663,0.5225173646959596,0.9790347043052041,0.9787002929128692,0.9978492260944044,0.9953424945752904,-0.84734089495016,0.9275596998585057,0.0340330795931279,5.916292566960134,0.6620189895874158,1.3436595106294018,0.9935291009458818,0.8106242540610081,11.832585133920269,1.301549182435985,2.614193160103198,116.58868214637958,0.14539383750869708,10.146830679454444,38.6169032911977,1805.9160010390513,65971.72807697469,53.243338407271324,0.1350537989985086,6.375891662143713,77.40755292994653,0.08267470992883998,0.049560546875,1268.1807398113513,0.2052927314425922,9.554015602507494,0.05654809711150884,4.2727272727272725,0.19421487603305784,16.884297520661157,37.54545454545455,8078399.818181818,291489514.5,227123.34334074214,0.4087437390433257,1.5454545454545454,0.07024793388429752,0.1990459321377389,6.703397752396415,0.15387149173858278,4.243300368538952,0.0013427734375,7523781.107438017,1.8043186524870758,12113.390258789062,0.7393426671624184,1.1976585388183594,10900.11865234375,2.678394164890051,37.78387451171875,75.2181396484375,2843.6482543945312,2.8777576424815,0.04457101911224281,0.0153337643085844,0.5884554869848103,0.0012699948433978396,0.9918703524883348,0.01379805625861839,2.069732415582188,0.007472468200222896,0.21388349692352768,Trigger-18284744-57.jpg
37.749715186930366,760.5096358046355,27.653492241426694,9.082508655952163,0.4839029756184513,0.8987658902150388,0.0736423425971852,0.23522493342496997,0.4774617556857875,0.9809800570891388,0.980656766603246,0.9980119489938465,0.9957354051795541,-0.8473084747097785,0.9112509923794564,0.03056054170663033,5.966578179250107,0.6983002449743723,1.2104410837464572,0.9936632522205479,0.8331502795818091,11.933156358500216,1.1656145878383946,2.3916029078926533,111.18307200527072,0.1496180822417067,9.886953545309119,38.17350784424396,2006.8552906324321,73368.0393015908,58.81846185758583,0.1376514866040011,6.247413678930387,81.51006375539721,0.09453788450487734,0.0459136962890625,1396.2526095715075,0.2187364986577915,10.008416829950837,0.06263584275884365,8.030303030303031,0.2433425160697888,23.241505968778696,55.696969696969695,5680453.333333333,205071448.3939394,159308.86757248797,0.39518101121406907,3.303030303030303,0.10009182736455463,0.27823789396458454,16.395092359671757,0.1663100001377263,4.306075089764498,0.00201416015625,5433956.128558312,1.635293536195221,12432.564819335938,0.758823536336422,1.1394977420568466,11484.392944335938,2.450866010040045,38.15484619140625,75.662841796875,2894.5475463867188,2.7734301989006274,0.042625562179187115,0.015482600157553436,0.6137987990990849,0.0013819185270857884,0.8836840357371393,0.015017830924375725,1.951527016710793,0.006194720481418463,0.23356816368771693,Trigger-18284744-58.jpg
36.12773454453159,505.191391658874,14.388671990602148,6.31984726542676,0.3818464121303243,0.8859059143938253,0.06070126984003968,0.20955614498664657,0.3775092421828126,0.983626771414291,0.9833721888384762,0.9984191739341697,0.9964283856024425,-0.8444154873414533,0.8947842226905727,0.026857625494418134,5.885850021700043,0.7313122764297504,1.1067519127319287,0.991887595080956,0.8535917931210862,11.771700043400084,1.0685206875656232,1.675423419389271,108.45143506106548,0.16233112861274834,8.470416836794495,35.64461494299531,2280.7172137071393,82513.7980012644,65.55434883444747,0.12563798988228742,6.44790675093761,56.623476514031395,0.0734178351498149,0.0413970947265625,1541.1313653110833,0.17980795008093955,7.840845307612518,0.049069985934862406,6.866666666666666,0.2288888888888889,22.112222222222222,51.63333333333333,6548082.666666667,235870099.5,182881.82964087848,0.40090281603917965,3.2666666666666666,0.10888888888888888,0.179898292486826,13.290348134984288,0.08884833312111413,4.161406329721835,0.0018310546875,6249821.048888888,1.5314688303279138,12732.327758789062,0.7771196141839027,1.0076315253973007,12019.036376953125,1.7312703989446163,36.44439697265625,76.1561279296875,2783.9589233398438,2.6758795671839577,0.04008794120739533,0.01487888258330676,0.5596872820941888,0.0010482006767343456,0.8210681297713025,0.01621612660337026,1.6612172926768052,0.003651973975173308,0.2667730184974682,Trigger-18284744-59.jpg
36.35338314817255,798.4485103065829,19.672599677998328,9.969924664981281,0.31905590764306535,0.937941619506249,0.05937129452383905,0.22953765440947516,0.31486668162232245,0.9815461687504815,0.9813408999892517,0.9986571834421747,0.9963176525811677,-0.8560713700478495,0.9315000979698783,0.03218742987668195,5.8258618138330025,0.6491741013228611,1.3553881028355432,0.9938050066659945,0.8019477484267468,11.651723627666005,1.3144927167811253,2.5722451431560867,119.92469044441015,0.16004090766421214,7.453112030857713,31.249320069521737,1911.2050931865979,69818.97153653254,58.66374862048281,0.1268892798237753,6.512229766014926,69.51119000881359,0.08018590241112737,0.0460357666015625,1303.8878106263014,0.1902170445790058,6.466421573695379,0.04681200933032563,6.428571428571429,0.22959183673469388,22.596938775510203,56.07142857142857,6232066.642857143,225218389.07142857,177009.23040592615,0.35806301652892564,4.0,0.14285714285714285,0.3576604190881281,28.465459661134524,0.16246372708064527,3.964153476541997,0.001708984375,5889674.479591836,1.8145973031407059,12350.455932617188,0.7538120076060295,1.0972754806280136,10695.357666015625,2.626016840338707,36.5574951171875,75.603759765625,2796.9478759765625,3.1495302527841895,0.046826930891164846,0.015294022909728127,0.5745110091913194,0.0012385897866906141,0.9892707890008041,0.013985176813705282,1.5650449455407678,0.005260883390401107,0.29563900903106466,Trigger-18284744-60.jpg
40.33481084149668,967.0575484314411,36.96343129258123,13.839511503748978,0.512487212474425,0.928527946702596,0.08752237816975635,0.29350543778429583,0.5036166653758369,0.9749230627485875,0.9745697389196177,0.9978431134056791,0.9947273302100327,-0.8535544358759874,0.9626828315969371,0.042147630307537744,6.08301356446463,0.5467191509999604,1.7605980838216182,0.995529629505087,0.7330251652690806,12.16602712892926,1.6997728861229764,3.587999679055851,123.85893434737501,0.13159282160394695,9.852296987567229,38.753510757879525,1377.79126314632,52332.16685109788,40.53172337524609,0.12645100358486785,6.531693892577049,82.55267753653835,0.07907877937171773,0.057647705078125,983.9236960643984,0.21022915933722483,8.76635022471602,0.05733168079781559,10.853658536585366,0.2647233789411065,24.546103509815588,62.02439024390244,3606459.7560975607,132044842.80487806,102408.01231113798,0.3738397836457703,5.585365853658536,0.13622843545508626,0.3570694750201995,33.68572569739479,0.12558247500920786,4.185866638342277,0.00250244140625,3446771.7989292084,2.2829738950205174,11601.123413085938,0.7080763801932335,1.4052314162254333,9049.744140625,3.621634390205145,40.65655517578125,74.316650390625,3037.6744995117188,2.857453948722398,0.044866818654854645,0.016479099568746408,0.7153963867402792,0.0014990820616864802,1.0533128504801925,0.011713430466091199,2.7412415548305744,0.008481400219224349,0.2384155490690326,Trigger-18284744-61.jpg
23.233812881688266,39.531482935839385,-7.111157316779923,1.6556532068780125,0.028182689177878355,0.9661387010023926,0.028182689177878355,0.18250442936979872,0.02729969373297115,0.985908655411061,0.985908655411061,0.9989160504162355,0.9953028851370203,-0.7960364446666943,0.8404944878146831,0.028182689177878355,4.777751110189721,0.7455616101122035,0.930295080721849,0.9671026696966739,0.8604457130789261,9.555502220379442,0.9021123915439719,0.42095897401397275,172.1732952465468,0.2733880281918998,1.310874526417287,15.417844840885628,2631.091770302258,64999.67903422738,110.72674033635433,0.1334947129429117,5.622132606961985,59.39419071655796,0.09505198699063613,0.039520263671875,1654.6210310766894,0.1311056451601073,1.2382216652198603,0.0372074668068811,4.888888888888889,0.2716049382716049,1.3611111111111112,7.611111111111111,11143549.222222222,277900068.6111111,449095.14081790124,0.371820987654321,1.6666666666666667,0.09259259259259259,0.23216878831558846,0.9005074897887335,0.1341177889824849,4.058813890331196,0.0010986328125,10315044.72839506,1.3627440422744694,12957.661254882812,0.7908728793263435,0.9389819502830505,12298.84521484375,0.44707953557372093,23.16815185546875,76.3480224609375,1805.5813598632812,3.780653398301866,0.05431408352322049,0.014604835068137317,0.3146922260821691,0.0011745090240120122,3.1531692344134274,0.008940442392286639,0.2890576222191169,0.0012925666789287032,0.11755060559863303,Trigger-18284744-62.jpg
47.805587349455955,486.2222581535941,-32.02697757183252,10.093751060213881,1.1817388322276647,0.7906969309632909,0.23284146568293138,0.6159523411973276,1.1164957204401849,0.9304894704052351,0.9290311769633123,0.9945486525980167,0.9855304689326314,-0.7937865473561925,0.987628114241521,0.11367616074927264,6.751117213171926,0.2627311526613504,2.8512328503428015,0.9944379596525205,0.4538977007641515,13.502234426343854,2.6841283768737263,2.818872473110387,231.26213901681518,0.10150475605203396,8.049840661026565,49.93949942477855,572.5317210971122,28581.137338530887,13.645919266364235,0.06813321672266826,6.136111369593742,517.0225073727833,0.19417004360205598,0.1381683349609375,400.4261340735526,0.4186966281483623,24.691422121477405,0.03675892532565203,14.485714285714286,0.13795918367346938,18.474739229024944,66.94285714285714,414701.75238095236,21354264.447619047,8882.590980703784,0.24428399917840232,15.59047619047619,0.14848072562358278,0.38946440220510414,28.847136152784046,0.17023290618935827,5.074051253287483,0.00640869140625,390353.86521541956,3.5295621021173207,8487.275146484375,0.5180221647024155,3.6350202411413193,4713.9140625,2.8026963137090206,48.40228271484375,65.9605712890625,3180.0156860351562,1.836333596599798,0.03422837115693082,0.025715228912361207,1.409084458085625,0.002156923319607697,1.8891222964872545,0.004679350231493102,9.660070268300856,0.008165861130744516,0.11261368212548502,Trigger-18284744-63.jpg
57.89233351513578,1884.9175589867345,51.01065678347561,30.58033738743236,0.7875938720627442,0.9497845381354522,0.1163379045508091,0.32557239267954774,0.772967531900501,0.9716522362258739,0.9710847138521221,0.9967167785045117,0.9933694883854282,-0.8670265186731414,0.9833785984105644,0.0438208538124587,7.102402407929816,0.3459583814156917,2.2329280101720275,0.9970315490977304,0.5133978392956786,14.20480481585963,2.1615307097013705,7.841982814873777,126.27005806565619,0.12415142031164236,12.931024402720867,49.29525265982916,993.2505754753142,54326.82046413566,26.38807064162425,0.12976270472678436,6.542849978568025,71.8028165948517,0.0686311210379154,0.061920166015625,660.5446689428162,0.1972045635034102,12.108351315423432,0.06347278732224038,20.275862068965516,0.34958382877526756,26.93222354340071,68.06896551724138,1648299.6896551724,90651070.43103448,41384.34061362053,0.44309268230898324,7.448275862068965,0.12841854934601665,0.3115999193395811,16.104460124427494,0.20188377751301093,4.25219775530399,0.0035400390625,1568503.1807372174,2.797797558703487,11326.893188476562,0.6913386955857277,1.518655240535736,5839.289306640625,7.83856263384223,58.34967041015625,73.8475341796875,4381.883117675781,2.5628110656177814,0.04200004822842236,0.017108020941056002,0.9875420567922671,0.0019383698084473504,1.6077069494619896,0.007069128343338728,3.9770331085135684,0.024380552639287758,0.23284012992372108,Trigger-18284744-64.jpg
112.96619310035494,5043.952246182035,-302.73264633423236,20.17333515655546,0.6744266926033853,0.9350287518030856,0.08077284123318247,0.195586852149095,0.6673067951999974,0.9847158467458507,0.9842892039796374,0.997356655618417,0.995786850023674,-0.7890155421788542,0.7961072599870617,0.02037871493525611,10.396699680118111,0.8113846339910765,0.7721447759392309,0.981102139151019,0.8997062017561536,20.793399360236222,0.7459793540897028,5.211940462289711,145.95172677514165,0.24203569052025997,21.22656295087223,79.81396064596444,2668.5255531270454,320049.8375415152,28.13504171682716,0.18652658137941358,5.939762669884601,46.88837443369543,0.07547496645914906,0.03729248046875,1760.4974894959919,0.21990836770878858,16.22761845044292,0.08232500979826295,5.8,0.29,24.8,73.8,10961186.6,1323347349.65,96735.49392217632,0.28339933425160696,1.5,0.075,0.1519284803201443,1.156775970147055,0.10325801025238994,4.021928094887357,0.001220703125,10290097.959999999,1.1600420936076534,13356.149047851562,0.8151946440339088,0.9827706813812256,13392.664916992188,5.318872954696417,113.10772705078125,76.70166015625,8821.364685058594,1.640405316873906,0.02975673342758193,0.014748996360742285,1.5740373875086242,0.001025411840109359,1.2146556958840518,0.008157987514504837,2.5956037848089015,0.02812232876518768,0.44393573776839307,Trigger-18284744-65.jpg
45.07302064604129,3834.743716801895,89.59229574748473,45.28021803991067,2.1245458975292957,0.9103448561440036,0.3400241800483601,0.7816866854427628,1.9954482020776056,0.9183134728981399,0.9128060229595756,0.9908244108788731,0.9801680981022255,-0.7697963689365228,0.9941287382841404,0.09633353614510642,5.855252718317936,0.1446932252253692,3.6106807951399364,0.988742162547009,0.231202458498667,11.710505436635874,3.3489788667940834,11.851190984359993,248.1019985922615,0.10374672197157885,12.24000707442498,40.910679442511764,310.7689341636586,16698.789325352816,28.904581643796405,0.17688644652835156,6.196626751404985,464.5884649116026,0.17551574007822154,0.1474609375,226.1135782233208,0.39763003327969776,14.770984837736467,0.07032566061893819,46.49520766773163,0.14854698935377517,11.417815839704396,39.884984025559106,85077.4696485623,4455946.923322684,8937.065232423236,0.1333898825144866,57.594249201277954,0.18400718594657495,0.278990540782191,13.970275133492382,0.05880603920757526,5.534643829691,0.01910400390625,82337.46560646735,4.401020306864894,7742.598876953125,0.4725707322359085,3.87127685546875,2761.05078125,11.85890033468604,46.38958740234375,65.028564453125,3100.1991577148438,7.651434775174394,0.1283882977171161,0.03012635190410619,1.2832940755331357,0.004580732517484752,5.332806442425392,0.0023692188667031565,16.855668763611398,0.05237495276407486,0.12143604070114397,Trigger-18284744-66.jpg
37.44349378933133,1352.6681143847782,43.448735240783535,15.939041493472848,0.7158501621690743,0.9138018476504826,0.09981353947082894,0.2797497755861851,0.7045214652810714,0.9760094041080603,0.9755744057590235,0.9971579975718521,0.9943923110021463,-0.8660931928364921,0.9670898002990879,0.03753110481330725,5.799796695296515,0.5190572263104271,1.796251370552043,0.9952473036615227,0.7114704346596192,11.599593390593032,1.7480016435933565,4.1637229139104805,119.67806865372994,0.13688129388329306,11.344524177671211,38.566421694185856,1584.3535339761452,60108.7983131263,52.883299814618155,0.16596776551887577,6.305375639810643,62.39312132966478,0.06821705269893075,0.0543670654296875,1053.1459709348499,0.17199269998659233,8.818537638966957,0.062119196984750616,3.375,0.2109375,21.46484375,74.9375,8804962.375,319422812.625,268139.6351417585,0.2218490300734619,1.0,0.0625,0.010720309529098745,1.5151780894663194,0.00019039805580575676,3.9999999999999947,0.0009765625,7756386.375,2.2955239597206596,11911.078491210938,0.7269945368170738,1.296425923705101,8602.320922851562,4.217162132263184,38.013671875,74.65673828125,2835.0616455078125,3.7221393102500504,0.058442241574121895,0.015360772653561932,0.6042706873003016,0.0014133043068719365,1.1380313528661392,0.013193250336670868,2.5165801811043442,0.014767816895463122,0.18490600538445978,Trigger-18284744-67.jpg
34.600450857151706,683.7266708297209,8.26176158026558,9.02210860471686,0.5901070083390166,0.8767407456474958,0.08690383005766011,0.264591535536262,0.5818765857578065,0.9778880852920323,0.9775229185475343,0.9976268424840101,0.9950130039711321,-0.8456669746853513,0.9363486859319676,0.03552953910389267,5.700213052769856,0.6366691020000431,1.4323149558188555,0.9926618130853508,0.7943179792609586,11.400426105539712,1.388500315428936,2.4030539032639693,119.65890927713114,0.14515438078989562,10.084492318859663,36.30395085975768,1838.494249028629,66420.14827592143,57.5141082739865,0.1516550204985914,6.10536349014356,72.01124479337852,0.08616167630159073,0.05145263671875,1271.5425030677557,0.19350328646694107,9.95797775891112,0.06464127520719767,8.363636363636363,0.38016528925619836,16.595041322314046,29.818181818181817,7826242.0,280466829.1363636,227759.4553892228,0.6145675765923699,1.5454545454545454,0.07024793388429752,0.17289222970037352,6.854017596700182,0.1264951119677548,4.186704345910019,0.0013427734375,7271623.289256198,1.8908018316052044,12164.00244140625,0.7424317896366119,1.2633073329925537,10509.511840820312,2.45838588103652,35.04461669921875,75.0235595703125,2621.8865356445312,3.243221182214546,0.05038287622541107,0.015494945369459995,0.562838714322806,0.0014625582787958689,1.0023532717865298,0.014388092132528608,2.2413706350606253,0.007467565754970858,0.1923425165949049,Trigger-18284744-68.jpg
23.013077545686343,82.69071484847547,-13.453242905624684,2.6588113227801466,0.024413154295058588,0.9816427070902448,0.024413154295058588,0.16325668179927624,0.023753258783234005,0.9877934228524707,0.9877934228524707,0.9990610325271131,0.9959311409508236,-0.831179893715586,0.8446595189219317,0.024413154295058588,4.7280493525830805,0.773837061144988,0.8806579457095413,0.9833734293587921,0.8781535297445595,9.456098705166161,0.8562447914144838,0.6708061192688013,134.0150927702682,0.2356266589522454,1.8629211643613566,13.846714183026203,3005.0274069007082,74348.37753799077,131.78708152765967,0.19652144649269987,5.641177017705408,57.63997833076761,0.10627198748416418,0.035797119140625,1813.6389487345164,0.10438956226690246,0.8886206870011051,0.037384498902460095,2.5,0.3125,2.1875,7.25,26069387.25,649643782.75,1062126.2355555557,0.5579513888888888,1.0,0.125,0.12524581299886592,0.12525680930647626,0.12524477842074716,2.9999999999999973,0.00048828125,21875083.25,1.2636470769995118,13215.056274414062,0.8065830245614052,0.8204540610313416,12731.02783203125,0.700279101729393,22.9703369140625,76.7476806640625,1802.5814208984375,4.592152133517795,0.06718214246961805,0.014076547447275713,0.3051379502945927,0.0012822097829873883,1.6545548172105564,0.01714492760574201,0.17696640203171848,0.0017092739772995933,0.1414234007402738,Trigger-18284744-69.jpg
15.29745830976037,16.94617092171722,-3.520240856074169,0.8572625488614096,0.015220303878107754,0.9646067911182712,0.015220303878107754,0.11192179977108474,0.014958215234445392,0.9923898480609461,0.9923898480609461,0.9991046880071701,0.9969559392243785,-0.8149633540159699,0.7276953576324671,0.015220303878107754,3.8841904285371074,0.8615673554120492,0.549327757547661,0.9655605713965363,0.9274978784332568,7.768380857074215,0.5341074536695543,0.21812071318487936,139.65786664434847,0.3363367290039229,0.9982205481477533,10.403475098913432,4382.814036278861,69586.70020665046,288.6732377629818,0.20497223424663885,5.143133981131945,50.25340043963491,0.1393720177758424,0.0267181396484375,2206.5107274867914,0.08844782054482345,0.5211417408548997,0.031793595948755096,2.5,0.3125,1.0,5.0,28979194.75,463066748.875,1821767.1953125,0.4904513888888889,1.75,0.21875,0.38889312847648505,1.1388985790724333,0.2013922134133332,2.749999999999998,0.00048828125,24784890.75,0.8710508236223287,14043.933349609375,0.8571736663579941,0.6298501342535019,14150.196166992188,0.2323969267308712,15.27215576171875,77.828125,1204.6618041992188,5.8599264356825085,0.08060073852539062,0.013754176444747822,0.20091618136874254,0.001384876352926207,2.4875482234613635,0.018020950124457737,0.07686326924343927,0.0005962168876294527,0.10726698800555115,Trigger-18284744-70.jpg
15.612249892468537,6.684590640253126,-1.545525140248264,0.41052503688237835,0.012748291121582243,0.9382717216403836,0.012748291121582243,0.09681979814243306,0.012561836859559276,0.9936258544392089,0.9936258544392089,0.9992501005222599,0.9974503417756836,-0.7647008818806056,0.6005376782616951,0.012748291121582243,3.9386287171011842,0.9157842261079442,0.3620551471746287,0.9393211594474957,0.95672464001178,7.8772574342023685,0.34930685605304745,0.10581833200099015,142.89171821803362,0.38050679725783976,0.8012658517604795,11.1636689248431,5072.1339279694,80899.17830017072,320.9667035962991,0.1569114083775618,4.910230739122202,47.67291696313192,0.1561952483842799,0.0242767333984375,2388.268344712767,0.13766966547932302,0.8977506149808159,0.03949520451009159,2.142857142857143,0.30612244897959184,0.9795918367346939,5.571428571428571,35159694.0,562316739.2857143,2200320.158730159,0.4176587301587302,1.0,0.14285714285714285,0.0037013537885868183,0.005886050356890828,0.003156399273996802,2.807354922057602,0.00042724609375,29681419.387755103,0.6483550013095267,14337.786865234375,0.8751090615987778,0.5972907394170761,15023.181518554688,0.1178760789334774,15.58575439453125,78.13916015625,1230.9331665039062,5.221199883355035,0.07003699408637153,0.013558194090059164,0.2044360517452333,0.001117592147248232,2.321264235210498,0.018719196345049496,0.07441921548359115,0.0002579958158690943,0.1272046506448739,Trigger-18284744-71.jpg
33.019101003045755,457.00376238545107,-10.682926244672831,7.149342924382541,0.5761009139205778,0.849795615382227,0.0848853143018786,0.25944413121585785,0.5681121157663722,0.9784282145860693,0.9780694310979581,0.9976796877322817,0.9951293826191224,-0.8397798592229464,0.9263725249608304,0.03461953007203876,5.601407318049011,0.6563451755726986,1.3529767227210385,0.991675267135668,0.8067003243381486,11.202814636098022,1.3102412597519264,1.9313609595757797,117.96992327823354,0.1465219995861912,10.052388129630021,35.301458210109715,1986.931497794078,69852.61182451439,65.76775159004833,0.16651999818324487,5.868936171913045,77.03329582943091,0.09530962682465913,0.0504608154296875,1354.2077191830306,0.2085007898686721,11.708690835699961,0.07613082488829101,6.28,0.2512,23.8144,57.92,7092811.84,253418602.84,207084.08735757574,0.422644536271809,1.56,0.0624,0.1825900252971755,7.196315511433961,0.1322933987835561,4.453660689688178,0.00152587890625,6663315.1104,1.79311300516098,12334.720825195312,0.7528516128659248,1.2796641439199448,10825.5283203125,2.0058757923543453,33.49493408203125,75.17626953125,2513.9679565429688,3.3353856970696847,0.05243711921684889,0.015591699461337451,0.5570725101270073,0.0015648711729768635,1.0236956992233965,0.014157512231996091,2.4262695126666545,0.006226313339341044,0.18279214556584228,Trigger-18284744-72.jpg
39.91003321850393,1402.1442197820866,57.134082344442795,16.933723181441167,0.7499163240513982,0.9149816362093378,0.103854445990142,0.2830502664742371,0.7376004432127523,0.9759641066985735,0.9754661262744998,0.9969645360353117,0.9942106860559387,-0.8686721945526542,0.9672245129469068,0.03644559362722105,5.988656580828787,0.5113356184477449,1.789954029135171,0.9955183718205046,0.7042601350827702,11.977313161657573,1.7350747019768291,4.420909876373141,118.36270927499629,0.13682333222288093,12.136098615911262,42.57803148434363,1757.6774183085965,70395.40102158274,61.0409087979675,0.15203551763798137,5.920753072223362,68.36637998216902,0.08198164053727243,0.0539398193359375,1144.1789083457045,0.20415447548504342,12.519236506159446,0.07583065020757437,13.68421052631579,0.3601108033240997,26.842105263157894,62.8421052631579,3654537.8421052634,135803952.7631579,107683.53438089024,0.46325842153593344,3.526315789473684,0.09279778393351801,0.258641895206001,18.38405332689398,0.13277079993948585,4.366091329119185,0.0023193359375,3468640.7119113575,2.252674452815457,12144.77880859375,0.7412584722042084,1.379099354147911,8477.334350585938,4.468924161046743,40.50482177734375,74.7979736328125,3022.9843139648438,3.259933384526641,0.05095554068068828,0.016211608219699372,0.7068204646207848,0.0017410149690165716,1.1798763501091325,0.012191764988847314,2.6372276927452427,0.016055179340744376,0.18417946530147894,Trigger-18284744-73.jpg
46.37268431958739,1803.3825631753675,78.0288206866312,23.322354298122313,0.7809037922763346,0.935147274070822,0.10678007684140367,0.2861084070708764,0.7681829379676473,0.9755197262406836,0.97501213762115,0.996859577325222,0.9940736854582122,-0.877624380216316,0.9756459203061252,0.03701647559209932,6.382575579604284,0.44232684040294273,1.9445013851319324,0.9966427188068266,0.6399089712241925,12.76515115920857,1.8899690313307895,6.025814522599662,117.61428058549659,0.13274922506135972,12.69564359601748,43.66860787657009,1616.2286051466745,75085.9384944033,50.71737826829862,0.1589002273935674,5.97276761077406,66.43650104332465,0.0784785558848787,0.0546722412109375,1054.6401830174962,0.2010189215971911,11.341451164453723,0.07942388519322191,12.314285714285715,0.35183673469387755,26.331428571428575,59.97142857142857,3443853.4285714286,141201598.08571428,98486.86414961301,0.4739980322707595,2.8285714285714287,0.08081632653061224,0.23609049791035766,11.389372875176452,0.1586369418880286,4.490296503327807,0.00213623046875,3224722.4440816324,2.427187585933567,12037.063232421875,0.7346840351819992,1.3777923434972763,7358.6300048828125,6.053862418979406,46.95404052734375,74.6962890625,3532.9829711914062,3.0658751851511834,0.049148165139722866,0.01611126724554568,0.7669055380500454,0.0017711876168237828,1.1714240974832024,0.011886582530256862,2.674153969072237,0.022369831367564482,0.1992080346871958,Trigger-18284744-74.jpg
41.618793206336406,1469.7392156608823,61.58928685161234,17.734193339468334,0.7651980225835452,0.9171215034477103,0.1049465927056854,0.2819868534258689,0.7527811063594668,0.9760554609236586,0.975545074983801,0.9969039580633234,0.9941759675831319,-0.8667956373154381,0.9656763302796237,0.035984175501867194,6.113630485073471,0.5171265250056818,1.7674506428748178,0.9957938940442475,0.7074715477555955,12.22726097014694,1.7106237740853727,4.624847840512969,117.45684656059947,0.1363760019757678,12.19134191483326,41.951905651523795,1779.1378538667125,74278.32343641683,55.17671202509955,0.16078954502243012,5.976213536110199,70.52180744513271,0.08335985689767109,0.0536346435546875,1154.6570793297578,0.18693847949513842,10.983704599390165,0.0692384608836691,14.23076923076923,0.36489151873767256,27.125575279421433,72.25641025641026,3598554.564102564,135719893.30769232,104366.5959960326,0.4006321372230463,5.153846153846154,0.13214990138067062,0.3379035097311947,30.357619018846243,0.12943305191043109,4.037426976219752,0.00238037109375,3422068.3997370144,2.230362989537949,12111.947875976562,0.7392546311020851,1.3350578397512436,8567.314697265625,4.668680813163519,42.21197509765625,74.7957763671875,3163.4215698242188,3.173588557387843,0.05053140085043438,0.016197028252603305,0.7371116302943884,0.0016831160964564905,1.1690797757768512,0.011988257960838224,2.749508510262677,0.01695423409748571,0.18547623915783787,Trigger-18284744-75.jpg
39.53839515100905,1137.5007588291899,44.8738720703525,14.912536887019126,0.7002537403512306,0.9101547825397469,0.1019866922546345,0.29102205151653404,0.6884377677937136,0.9750842696761151,0.9746089483167486,0.997127408462386,0.9942016966665975,-0.8633580646611824,0.9690218637993715,0.03883584573363588,5.998773741688107,0.5218173939765922,1.8468695869952418,0.995441191472306,0.7152531687875876,11.997547483376216,1.7854053353367498,3.9031976568425897,113.4513641761866,0.12573450500971417,11.817188547831499,43.664840779894504,1537.6591803563228,58313.592224322754,46.809584027742304,0.1417977570492282,6.299055206458975,72.38785258587123,0.0746540155729272,0.05596923828125,1025.3327093437053,0.18057197216555934,11.497363282221853,0.06288584405792377,13.186046511627907,0.30665224445646294,25.713358572201187,71.51162790697674,3291975.4418604653,120045114.95348836,95741.93858649925,0.3873885792384736,3.9767441860465116,0.09248242293131423,0.21864323170805716,16.507230138878903,0.09762446749975692,4.565344987058976,0.00262451171875,3146796.720389399,2.3487574212412596,11842.527221679688,0.7228104993700981,1.3981492519378662,8641.666137695312,3.936492647975683,40.05157470703125,74.5390625,2969.1366577148438,3.064286901160486,0.04825344425478148,0.016321208028295953,0.7194177826708167,0.001602489952681515,1.0083859290020594,0.012616552371513729,3.1069211579142926,0.01078336857037101,0.20724969936580326,Trigger-18284744-76.jpg
38.70869108535092,963.3446838696539,39.264565043121685,12.576009193507103,0.5560410886446773,0.9151943226718283,0.08561829623659248,0.26744793054222166,0.547732039981371,0.9776582422897326,0.9772865481471921,0.9977071555457779,0.9950218757589194,-0.8628409181832579,0.9609862649652992,0.03607142668763834,5.975256501294252,0.5650598033426819,1.6987573461354055,0.995065292690521,0.7464563054126108,11.950513002588506,1.6473425161717035,3.283012570537945,112.37219331129126,0.13352083469838147,10.790452618047299,41.78254643752754,1640.8268688015207,60926.84561958874,48.921943810516105,0.12851288071285533,6.559865969475907,61.0524283435392,0.06676350422107113,0.0519561767578125,1105.086373339132,0.1640671906074422,9.40273794019681,0.05714631835950376,11.914285714285715,0.3404081632653061,25.159183673469386,54.628571428571426,4374354.0,158606632.42857143,125590.2633379247,0.502458349731077,3.8,0.10857142857142857,0.21056686900589164,11.093122256857393,0.13499330726294118,4.183014003265995,0.00213623046875,4155223.015510204,2.19547729710888,12012.097534179688,0.7331602498888969,1.2582658380270004,9345.230712890625,3.3190986178815365,39.11212158203125,74.9493408203125,2922.2338256835938,2.915557217908847,0.04470606191755983,0.01572025174126273,0.6444947605416588,0.0014538423246363752,0.8984337254189355,0.013923427226457164,2.6089854944157054,0.007617775432148713,0.239154293159846,Trigger-18284744-77.jpg
39.677380538354825,1021.5253014793389,48.50888577129544,12.864627328207657,0.5242644508726517,0.9216138587957549,0.0784283404504309,0.24490258021995706,0.5172248848164911,0.9800139994929611,0.9796717339223816,0.9978601087462965,0.9954841885474623,-0.8708887103134365,0.9559505492254405,0.031969259682871023,6.049155260419895,0.5845992531806836,1.5927577655273195,0.9956624194093721,0.7587617558047615,12.098310520839792,1.547637385143081,3.347222944770077,106.59930232437932,0.13754086263585424,10.86987862738316,42.6157102682907,1748.9122219126207,65973.35767583817,50.946681353647726,0.13148310446656963,6.595801453952918,54.984610515551296,0.06515578157339068,0.047576904296875,1179.0919710492633,0.17692016164845636,10.719250374200218,0.06202053919104632,7.413793103448276,0.2556480380499406,24.202140309155766,59.37931034482759,5455920.413793104,199579887.27586207,154646.4227605997,0.408005287989614,2.7241379310344827,0.093935790725327,0.2654040108163248,12.032881994867335,0.15853145163985322,4.444187891679289,0.00177001953125,5136734.378121285,2.067764330555582,12321.382080078125,0.7520374804735184,1.1808156371116638,9658.369018554688,3.377851840108633,40.07183837890625,75.474609375,3018.5875854492188,2.798993534897313,0.04272697413701109,0.015567460419339358,0.6519704915702899,0.0013879762269998449,0.7786711384928117,0.015496829376044768,2.3909750851752793,0.007108920517684681,0.26170500224684307,Trigger-18284744-78.jpg
37.369003546600844,568.2295062933456,23.628905981084944,7.782826325925268,0.3754670595278691,0.90785743368829,0.06099807121489243,0.2113616510651276,0.37112540389930093,0.9834019116132455,0.9831403966700933,0.9984228212197058,0.9963913394930339,-0.8647194480386914,0.9287809122875014,0.02723235381331922,5.959627565739505,0.6761579905598967,1.3064478004945534,0.9945433677818821,0.819917612491475,11.91925513147901,1.265429124752222,2.0395733463632846,103.0816090551703,0.15213106903502427,9.0707700590202,39.639988572093536,2176.9997898847587,79395.86555352045,62.431049823443395,0.11480791756490336,6.518440695137667,53.3943561944909,0.0712192546980771,0.04180908203125,1439.3657798466886,0.16806782774748402,9.185446965064255,0.05213724644057835,12.853658536585366,0.3135038667459845,25.612135633551457,68.65853658536585,4446808.243902439,160350251.07317072,124877.54548909269,0.38366363188425273,7.439024390243903,0.18143961927424151,0.40732316058800644,33.37239342037836,0.1779750738826989,3.9156150417214004,0.00250244140625,4287120.286734086,1.7520435507682717,12699.41845703125,0.7751109898090363,1.0447442531585693,11131.678344726562,2.0701579451560974,37.6466064453125,76.1361083984375,2862.2547607421875,2.6102697528317176,0.038419987141702895,0.01563823402964159,0.6464812152119601,0.0013148882259337625,0.708224550971893,0.01674637095312112,1.9400620274020928,0.0033894034960212597,0.3119865386668996,Trigger-18284744-79.jpg
